Finding ID,Severity,Category,Title,Affected Module & Files,Root Cause,Security/Financial Impact,Recommended Fix,Required Tests,Status
DEF-SEC-01,P0,Security,BOLA / IDOR on Order & Invoice Endpoint,backend/src/main/java/com/sporekart/shared/infrastructure/SecurityConfig.java:84,SecurityConfig specifies .permitAll() for GET /orders/* and /orders/*/invoice,CRITICAL: Public unauthenticated access to customer PII and invoice PDF,Require authentication and check user_id matching in OrderService,Unit test in OrderSecurityTest; Integration test for unauthorized GET /orders/id,OPEN
DEF-SEC-02,P1,Security,Overly Permissive CORS with Credentials,backend/src/main/java/com/sporekart/shared/infrastructure/SecurityConfig.java:107-115,configuration.setAllowedOriginPatterns allows wildcard origins with setAllowCredentials(true),HIGH: Arbitrary origins can execute authenticated cross-site requests,Restrict CORS allowed origins strictly to explicit production domain environment variables,CORS preflight request verification test,OPEN
DEF-DB-01,P1,Data Integrity,Schema Migration Drift (V31 Missing in Supabase),backend/supabase/migrations/ & db/migration/V31__add_sms_notification_fields.sql,V31 Flyway script was omitted from Supabase CLI migrations folder during SMS feature commit,HIGH: Deployment via Supabase CLI will fail with missing column exceptions,Copy V31 migration script to supabase/migrations/20261008000031_v31__add_sms_notification_fields.sql,Supabase migration validation test,OPEN
DEF-DB-02,P1,Financial Integrity,Missing DB-Level Balance CHECK Constraint,backend/src/main/resources/db/migration/V18__create_wallet_and_ledger_tables.sql,wallets table lacks DB CHECK (available_balance >= 0) constraint,HIGH: Race condition could allow negative wallet balances if Java validator is bypassed,Add Flyway migration V32 adding CHECK (available_balance >= 0) on wallets table,Migration V32 test; concurrent wallet debit test,OPEN
DEF-BASE-01,P2,Quality,Broken Frontend Lint Build Script,frontend/package.json & frontend/eslint.config.js,eslint package missing from devDependencies and missing ESLint config file,MEDIUM: Static analysis CI gate fails out of the box,Add eslint and eslint-plugin-react to devDependencies and create eslint config,Run npm run lint to verify zero errors,OPEN
DEF-ARCH-01,P2,Maintainability,Monolithic Frontend Component Bloat,frontend/src/pages/AdminDashboardPage.jsx (340 KB) & DashboardPage.jsx (123 KB),Extreme single-file component size containing ~8500 lines of JSX,MEDIUM: High maintenance risk and brittle state re-render cascades,Decompose AdminDashboardPage into modular sub-components under src/components/admin/,Vite build and Vitest admin component tests,OPEN
DEF-ARCH-02,P2,Architecture,Direct Browser Supabase SDK Exposure,frontend/src/lib/supabase.js,Direct browser Supabase client initialized alongside Spring Boot REST APIs,MEDIUM: Potential backend security bypass if Postgres RLS is unaligned,Restrict Supabase client strictly to public read-only CDN media bucket access,Vitest API integration tests,OPEN
DEF-BASE-02,P3,Quality,Unhandled Null Bean Warnings in Wallet Tests,backend/src/test/java/com/sporekart/wallet/application/WalletServiceTest.java,WalletService logs null NotificationEventService errors during unit tests,LOW: Log noise during unit test execution,Inject mock NotificationEventService in WalletServiceTest,Run WalletServiceTest and verify log cleanliness,OPEN
DEF-ARCH-03,P3,Maintainability,Missing Swagger JWT Security Scheme,backend/src/main/java/com/sporekart/common/config/OpenApiConfig.java,OpenApiConfig lacks @SecurityScheme annotations for JWT Bearer token,LOW: Interactive Swagger UI testing blocked for authenticated endpoints,Add @SecurityScheme definition for Bearer Auth in OpenApiConfig,Verify Swagger UI auth header input,OPEN
